vehicle_id,time_window,grid_id,state
0,0,17,cruising
1,0,152,cruising
2,0,57,cruising
3,0,211,cruising
4,0,124,cruising
5,0,205,cruising
6,0,209,cruising
7,0,55,cruising
8,0,176,cruising
9,0,30,cruising
10,0,202,cruising
11,0,202,cruising
12,0,29,cruising
13,0,37,cruising
14,0,119,cruising
15,0,176,cruising
16,0,67,cruising
17,0,143,cruising
18,0,59,cruising
19,0,40,cruising
20,0,67,cruising
21,0,70,cruising
22,0,164,cruising
23,0,32,cruising
24,0,23,cruising
25,0,223,cruising
26,0,212,cruising
27,0,81,cruising
28,0,198,cruising
29,0,90,cruising
30,0,49,cruising
31,0,134,cruising
32,0,24,cruising
33,0,223,cruising
34,0,42,cruising
35,0,138,cruising
36,0,194,cruising
37,0,104,cruising
38,0,166,cruising
39,0,41,cruising
40,0,44,cruising
41,0,93,cruising
42,0,31,cruising
43,0,4,cruising
44,0,55,cruising
45,0,12,cruising
46,0,216,cruising
47,0,211,cruising
48,0,63,cruising
49,0,152,cruising
50,0,138,cruising
51,0,170,cruising
52,0,68,cruising
53,0,113,cruising
54,0,133,cruising
55,0,121,cruising
56,0,16,cruising
57,0,9,cruising
58,0,67,cruising
59,0,166,cruising
60,0,109,cruising
61,0,170,cruising
62,0,174,cruising
63,0,180,cruising
64,0,113,cruising
65,0,112,cruising
66,0,31,cruising
67,0,40,cruising
68,0,54,cruising
69,0,76,cruising
70,0,48,cruising
71,0,210,cruising
72,0,84,cruising
73,0,207,cruising
74,0,59,cruising
75,0,129,cruising
76,0,155,cruising
77,0,59,cruising
78,0,222,cruising
79,0,180,cruising
80,0,28,cruising
81,0,71,cruising
82,0,113,cruising
83,0,40,cruising
84,0,6,cruising
85,0,139,cruising
86,0,122,cruising
87,0,213,cruising
88,0,108,cruising
89,0,214,cruising
90,0,179,cruising
91,0,43,cruising
92,0,79,cruising
93,0,189,cruising
94,0,183,cruising
95,0,224,cruising
96,0,178,cruising
97,0,28,cruising
98,0,23,cruising
99,0,198,cruising
100,0,22,cruising
101,0,149,cruising
102,0,146,cruising
103,0,15,cruising
104,0,39,cruising
105,0,123,cruising
106,0,146,cruising
107,0,216,cruising
108,0,177,cruising
109,0,135,cruising
110,0,43,cruising
111,0,125,cruising
112,0,221,cruising
113,0,130,cruising
114,0,221,cruising
115,0,32,cruising
116,0,117,cruising
117,0,88,cruising
118,0,14,cruising
119,0,222,cruising
120,0,127,cruising
121,0,12,cruising
122,0,141,cruising
123,0,76,cruising
124,0,107,cruising
125,0,24,cruising
126,0,187,cruising
127,0,136,cruising
128,0,198,cruising
129,0,40,cruising
130,0,128,cruising
131,0,108,cruising
132,0,149,cruising
133,0,13,cruising
134,0,119,cruising
135,0,221,cruising
136,0,86,cruising
137,0,172,cruising
138,0,95,cruising
139,0,67,cruising
140,0,71,cruising
141,0,131,cruising
142,0,211,cruising
143,0,60,cruising
144,0,176,cruising
145,0,38,cruising
146,0,46,cruising
147,0,92,cruising
148,0,48,cruising
149,0,170,cruising
150,0,109,cruising
151,0,137,cruising
152,0,56,cruising
153,0,127,cruising
154,0,86,cruising
155,0,35,cruising
156,0,220,cruising
157,0,180,cruising
158,0,116,cruising
159,0,125,cruising
160,0,115,cruising
161,0,197,cruising
162,0,192,cruising
163,0,166,cruising
164,0,69,cruising
165,0,203,cruising
166,0,217,cruising
167,0,21,cruising
168,0,212,cruising
169,0,68,cruising
170,0,154,cruising
171,0,126,cruising
172,0,190,cruising
173,0,191,cruising
174,0,143,cruising
175,0,50,cruising
176,0,193,cruising
177,0,204,cruising
178,0,177,cruising
179,0,73,cruising
180,0,12,cruising
181,0,203,cruising
182,0,181,cruising
183,0,204,cruising
184,0,204,cruising
185,0,79,cruising
186,0,104,cruising
187,0,21,cruising
188,0,99,cruising
189,0,142,cruising
190,0,219,cruising
191,0,34,cruising
192,0,89,cruising
193,0,35,cruising
194,0,146,cruising
195,0,53,cruising
196,0,121,cruising
197,0,222,cruising
198,0,165,cruising
199,0,221,cruising
200,0,65,cruising
201,0,20,cruising
202,0,29,cruising
203,0,213,cruising
204,0,83,cruising
205,0,136,cruising
206,0,146,cruising
207,0,10,cruising
208,0,68,cruising
209,0,94,cruising
210,0,72,cruising
211,0,142,cruising
212,0,186,cruising
213,0,220,cruising
214,0,147,cruising
215,0,212,cruising
216,0,129,cruising
217,0,150,cruising
218,0,76,cruising
219,0,65,cruising
220,0,102,cruising
221,0,95,cruising
222,0,202,cruising
223,0,65,cruising
224,0,186,cruising
225,0,66,cruising
226,0,88,cruising
227,0,6,cruising
228,0,186,cruising
229,0,173,cruising
230,0,145,cruising
231,0,164,cruising
232,0,38,cruising
233,0,134,cruising
234,0,118,cruising
235,0,178,cruising
236,0,106,cruising
237,0,14,cruising
238,0,10,cruising
239,0,68,cruising
240,0,48,cruising
241,0,91,cruising
242,0,48,cruising
243,0,57,cruising
244,0,199,cruising
245,0,68,cruising
246,0,12,cruising
247,0,178,cruising
248,0,185,cruising
249,0,21,cruising
250,0,81,cruising
251,0,26,cruising
252,0,119,cruising
253,0,125,cruising
254,0,216,cruising
255,0,60,cruising
256,0,219,cruising
257,0,197,cruising
258,0,213,cruising
259,0,55,cruising
260,0,22,cruising
261,0,162,cruising
262,0,56,cruising
263,0,26,cruising
264,0,133,cruising
265,0,90,cruising
266,0,208,cruising
267,0,181,cruising
268,0,15,cruising
269,0,141,cruising
270,0,166,cruising
271,0,90,cruising
272,0,213,cruising
273,0,24,cruising
274,0,202,cruising
275,0,113,cruising
276,0,182,cruising
277,0,86,cruising
278,0,66,cruising
279,0,27,cruising
280,0,186,cruising
281,0,98,cruising
282,0,111,cruising
283,0,82,cruising
284,0,14,cruising
285,0,92,cruising
286,0,81,cruising
287,0,78,cruising
288,0,29,cruising
289,0,154,cruising
290,0,31,cruising
291,0,135,cruising
292,0,56,cruising
293,0,209,cruising
294,0,61,cruising
295,0,88,cruising
296,0,153,cruising
297,0,152,cruising
298,0,36,cruising
299,0,176,cruising
300,0,52,cruising
301,0,43,cruising
302,0,195,cruising
303,0,154,cruising
304,0,176,cruising
305,0,85,cruising
306,0,7,cruising
307,0,146,cruising
308,0,87,cruising
309,0,205,cruising
310,0,122,cruising
311,0,79,cruising
312,0,147,cruising
313,0,134,cruising
314,0,125,cruising
315,0,148,cruising
316,0,84,cruising
317,0,30,cruising
318,0,209,cruising
319,0,92,cruising
320,0,70,cruising
321,0,53,cruising
322,0,170,cruising
323,0,104,cruising
324,0,216,cruising
325,0,74,cruising
326,0,15,cruising
327,0,5,cruising
328,0,91,cruising
329,0,69,cruising
330,0,207,cruising
331,0,8,cruising
332,0,105,cruising
333,0,193,cruising
334,0,135,cruising
335,0,94,cruising
336,0,104,cruising
337,0,8,cruising
338,0,27,cruising
339,0,88,cruising
340,0,160,cruising
341,0,158,cruising
342,0,26,cruising
343,0,70,cruising
344,0,7,cruising
345,0,176,cruising
346,0,96,cruising
347,0,30,cruising
348,0,9,cruising
349,0,59,cruising
350,0,70,cruising
351,0,84,cruising
352,0,1,cruising
353,0,124,cruising
354,0,121,cruising
355,0,44,cruising
356,0,67,cruising
357,0,180,cruising
358,0,131,cruising
359,0,120,cruising
360,0,154,cruising
361,0,218,cruising
362,0,194,cruising
363,0,95,cruising
364,0,211,cruising
365,0,83,cruising
366,0,65,cruising
367,0,89,cruising
368,0,20,cruising
369,0,215,cruising
370,0,192,cruising
371,0,75,cruising
372,0,215,cruising
373,0,202,cruising
374,0,159,cruising
375,0,171,cruising
376,0,217,cruising
377,0,211,cruising
378,0,10,cruising
379,0,94,cruising
380,0,76,cruising
381,0,173,cruising
382,0,50,cruising
383,0,12,cruising
384,0,150,cruising
385,0,2,cruising
386,0,213,cruising
387,0,136,cruising
388,0,94,cruising
389,0,21,cruising
390,0,122,cruising
391,0,41,cruising
392,0,93,cruising
393,0,209,cruising
394,0,178,cruising
395,0,22,cruising
396,0,185,cruising
397,0,116,cruising
398,0,6,cruising
399,0,80,cruising
400,0,156,cruising
401,0,163,cruising
402,0,75,cruising
403,0,46,cruising
404,0,153,cruising
405,0,98,cruising
406,0,130,cruising
407,0,160,cruising
408,0,163,cruising
409,0,189,cruising
410,0,183,cruising
411,0,217,cruising
412,0,22,cruising
413,0,207,cruising
414,0,60,cruising
415,0,54,cruising
416,0,62,cruising
417,0,142,cruising
418,0,167,cruising
419,0,121,cruising
420,0,5,cruising
421,0,63,cruising
422,0,124,cruising
423,0,79,cruising
424,0,196,cruising
425,0,51,cruising
426,0,98,cruising
427,0,186,cruising
428,0,206,cruising
429,0,144,cruising
430,0,41,cruising
431,0,100,cruising
432,0,68,cruising
433,0,5,cruising
434,0,155,cruising
435,0,221,cruising
436,0,50,cruising
437,0,212,cruising
438,0,109,cruising
439,0,19,cruising
440,0,4,cruising
441,0,171,cruising
442,0,16,cruising
443,0,132,cruising
444,0,193,cruising
445,0,86,cruising
446,0,117,cruising
447,0,158,cruising
448,0,165,cruising
449,0,193,cruising
450,0,59,cruising
451,0,86,cruising
452,0,25,cruising
453,0,223,cruising
454,0,118,cruising
455,0,117,cruising
456,0,66,cruising
457,0,1,cruising
458,0,9,cruising
459,0,74,cruising
460,0,50,cruising
461,0,57,cruising
462,0,180,cruising
463,0,74,cruising
464,0,159,cruising
465,0,22,cruising
466,0,45,cruising
467,0,148,cruising
468,0,92,cruising
469,0,178,cruising
470,0,78,cruising
471,0,93,cruising
472,0,176,cruising
473,0,192,cruising
474,0,66,cruising
475,0,91,cruising
476,0,36,cruising
477,0,103,cruising
478,0,56,cruising
479,0,9,cruising
480,0,177,cruising
481,0,105,cruising
482,0,97,cruising
483,0,45,cruising
484,0,104,cruising
485,0,97,cruising
486,0,96,cruising
487,0,17,cruising
488,0,104,cruising
489,0,12,cruising
490,0,42,cruising
491,0,167,cruising
492,0,54,cruising
493,0,210,cruising
494,0,196,cruising
495,0,5,cruising
496,0,100,cruising
497,0,194,cruising
498,0,3,cruising
499,0,97,cruising
500,0,214,cruising
501,0,173,cruising
502,0,159,cruising
503,0,141,cruising
504,0,75,cruising
505,0,22,cruising
506,0,95,cruising
507,0,75,cruising
508,0,28,cruising
509,0,13,cruising
510,0,184,cruising
511,0,220,cruising
512,0,133,cruising
513,0,23,cruising
514,0,21,cruising
515,0,168,cruising
516,0,171,cruising
517,0,14,cruising
518,0,164,cruising
519,0,21,cruising
520,0,203,cruising
521,0,109,cruising
522,0,65,cruising
523,0,199,cruising
524,0,213,cruising
525,0,205,cruising
526,0,13,cruising
527,0,170,cruising
528,0,83,cruising
529,0,222,cruising
530,0,19,cruising
531,0,145,cruising
532,0,220,cruising
533,0,187,cruising
534,0,205,cruising
535,0,154,cruising
536,0,197,cruising
537,0,40,cruising
538,0,124,cruising
539,0,206,cruising
540,0,43,cruising
541,0,120,cruising
542,0,186,cruising
543,0,94,cruising
544,0,172,cruising
545,0,119,cruising
546,0,180,cruising
547,0,97,cruising
548,0,207,cruising
549,0,138,cruising
550,0,73,cruising
551,0,125,cruising
552,0,113,cruising
553,0,4,cruising
554,0,123,cruising
555,0,105,cruising
556,0,22,cruising
557,0,83,cruising
558,0,144,cruising
559,0,142,cruising
560,0,96,cruising
561,0,201,cruising
562,0,181,cruising
563,0,114,cruising
564,0,6,cruising
565,0,161,cruising
566,0,31,cruising
567,0,36,cruising
568,0,54,cruising
569,0,141,cruising
570,0,133,cruising
571,0,142,cruising
572,0,174,cruising
573,0,142,cruising
574,0,1,cruising
575,0,113,cruising
576,0,75,cruising
577,0,101,cruising
578,0,59,cruising
579,0,183,cruising
580,0,80,cruising
581,0,91,cruising
582,0,50,cruising
583,0,20,cruising
584,0,66,cruising
585,0,1,cruising
586,0,201,cruising
587,0,59,cruising
588,0,191,cruising
589,0,171,cruising
590,0,206,cruising
591,0,121,cruising
592,0,136,cruising
593,0,224,cruising
594,0,193,cruising
595,0,177,cruising
596,0,158,cruising
597,0,7,cruising
598,0,4,cruising
599,0,88,cruising
600,0,132,cruising
601,0,184,cruising
602,0,45,cruising
603,0,190,cruising
604,0,94,cruising
605,0,50,cruising
606,0,153,cruising
607,0,220,cruising
608,0,91,cruising
609,0,222,cruising
610,0,145,cruising
611,0,214,cruising
612,0,201,cruising
613,0,90,cruising
614,0,12,cruising
615,0,161,cruising
616,0,145,cruising
617,0,151,cruising
618,0,153,cruising
619,0,120,cruising
620,0,139,cruising
621,0,183,cruising
622,0,135,cruising
623,0,180,cruising
624,0,183,cruising
625,0,145,cruising
626,0,115,cruising
627,0,73,cruising
628,0,124,cruising
629,0,51,cruising
630,0,0,cruising
631,0,155,cruising
632,0,188,cruising
633,0,60,cruising
634,0,217,cruising
635,0,219,cruising
636,0,148,cruising
637,0,67,cruising
638,0,181,cruising
639,0,136,cruising
640,0,87,cruising
641,0,122,cruising
642,0,41,cruising
643,0,214,cruising
644,0,30,cruising
645,0,175,cruising
646,0,196,cruising
647,0,45,cruising
648,0,124,cruising
649,0,141,cruising
650,0,134,cruising
651,0,153,cruising
652,0,13,cruising
653,0,151,cruising
654,0,15,cruising
655,0,170,cruising
656,0,129,cruising
657,0,128,cruising
658,0,210,cruising
659,0,56,cruising
660,0,209,cruising
661,0,163,cruising
662,0,211,cruising
663,0,136,cruising
664,0,37,cruising
665,0,65,cruising
666,0,5,cruising
667,0,31,cruising
668,0,5,cruising
669,0,200,cruising
670,0,31,cruising
671,0,160,cruising
672,0,222,cruising
673,0,79,cruising
674,0,109,cruising
675,0,36,cruising
676,0,18,cruising
677,0,149,cruising
678,0,1,cruising
679,0,137,cruising
680,0,1,cruising
681,0,75,cruising
682,0,200,cruising
683,0,87,cruising
684,0,76,cruising
685,0,66,cruising
686,0,5,cruising
687,0,14,cruising
688,0,221,cruising
689,0,140,cruising
690,0,38,cruising
691,0,58,cruising
692,0,221,cruising
693,0,116,cruising
694,0,113,cruising
695,0,199,cruising
696,0,215,cruising
697,0,190,cruising
698,0,21,cruising
699,0,28,cruising
700,0,16,cruising
701,0,173,cruising
702,0,127,cruising
703,0,80,cruising
704,0,187,cruising
705,0,80,cruising
706,0,171,cruising
707,0,153,cruising
708,0,144,cruising
709,0,129,cruising
710,0,183,cruising
711,0,161,cruising
712,0,143,cruising
713,0,152,cruising
714,0,134,cruising
715,0,159,cruising
716,0,101,cruising
717,0,22,cruising
718,0,88,cruising
719,0,28,cruising
720,0,80,cruising
721,0,105,cruising
722,0,78,cruising
723,0,186,cruising
724,0,139,cruising
725,0,165,cruising
726,0,18,cruising
727,0,178,cruising
728,0,172,cruising
729,0,180,cruising
730,0,182,cruising
731,0,111,cruising
732,0,156,cruising
733,0,34,cruising
734,0,44,cruising
735,0,214,cruising
736,0,148,cruising
737,0,191,cruising
738,0,156,cruising
739,0,191,cruising
740,0,86,cruising
741,0,71,cruising
742,0,96,cruising
743,0,148,cruising
744,0,135,cruising
745,0,0,cruising
746,0,122,cruising
747,0,190,cruising
748,0,39,cruising
749,0,94,cruising
750,0,180,cruising
751,0,57,cruising
752,0,176,cruising
753,0,222,cruising
754,0,110,cruising
755,0,59,cruising
756,0,59,cruising
757,0,82,cruising
758,0,204,cruising
759,0,192,cruising
760,0,194,cruising
761,0,202,cruising
762,0,62,cruising
763,0,137,cruising
764,0,218,cruising
765,0,138,cruising
766,0,62,cruising
767,0,135,cruising
768,0,105,cruising
769,0,121,cruising
770,0,175,cruising
771,0,202,cruising
772,0,103,cruising
773,0,37,cruising
774,0,7,cruising
775,0,201,cruising
776,0,31,cruising
777,0,125,cruising
778,0,222,cruising
779,0,40,cruising
780,0,168,cruising
781,0,168,cruising
782,0,182,cruising
783,0,224,cruising
784,0,13,cruising
785,0,221,cruising
786,0,14,cruising
787,0,24,cruising
788,0,25,cruising
789,0,100,cruising
790,0,100,cruising
791,0,94,cruising
792,0,132,cruising
793,0,28,cruising
794,0,113,cruising
795,0,165,cruising
796,0,201,cruising
797,0,32,cruising
798,0,92,cruising
799,0,20,cruising
800,0,44,cruising
801,0,104,cruising
802,0,98,cruising
803,0,159,cruising
804,0,103,cruising
805,0,173,cruising
806,0,129,cruising
807,0,59,cruising
808,0,13,cruising
809,0,135,cruising
810,0,42,cruising
811,0,100,cruising
812,0,41,cruising
813,0,206,cruising
814,0,5,cruising
815,0,41,cruising
816,0,106,cruising
817,0,103,cruising
818,0,179,cruising
819,0,52,cruising
820,0,178,cruising
821,0,10,cruising
822,0,107,cruising
823,0,1,cruising
824,0,57,cruising
825,0,140,cruising
826,0,148,cruising
827,0,177,cruising
828,0,188,cruising
829,0,77,cruising
830,0,215,cruising
831,0,23,cruising
832,0,209,cruising
833,0,33,cruising
834,0,56,cruising
835,0,115,cruising
836,0,100,cruising
837,0,86,cruising
838,0,153,cruising
839,0,52,cruising
840,0,195,cruising
841,0,40,cruising
842,0,217,cruising
843,0,82,cruising
844,0,186,cruising
845,0,6,cruising
846,0,179,cruising
847,0,184,cruising
848,0,203,cruising
849,0,125,cruising
850,0,26,cruising
851,0,161,cruising
852,0,142,cruising
853,0,61,cruising
854,0,187,cruising
855,0,217,cruising
856,0,205,cruising
857,0,214,cruising
858,0,73,cruising
859,0,191,cruising
860,0,70,cruising
861,0,197,cruising
862,0,43,cruising
863,0,142,cruising
864,0,148,cruising
865,0,99,cruising
866,0,10,cruising
867,0,164,cruising
868,0,166,cruising
869,0,148,cruising
870,0,134,cruising
871,0,31,cruising
872,0,149,cruising
873,0,194,cruising
874,0,180,cruising
875,0,3,cruising
876,0,98,cruising
877,0,201,cruising
878,0,191,cruising
879,0,202,cruising
880,0,206,cruising
881,0,215,cruising
882,0,155,cruising
883,0,36,cruising
884,0,27,cruising
885,0,16,cruising
886,0,114,cruising
887,0,127,cruising
888,0,156,cruising
889,0,12,cruising
890,0,138,cruising
891,0,18,cruising
892,0,159,cruising
893,0,209,cruising
894,0,205,cruising
895,0,44,cruising
896,0,191,cruising
897,0,122,cruising
898,0,167,cruising
899,0,98,cruising
900,0,147,cruising
901,0,150,cruising
902,0,48,cruising
903,0,32,cruising
904,0,223,cruising
905,0,11,cruising
906,0,73,cruising
907,0,216,cruising
908,0,136,cruising
909,0,66,cruising
910,0,49,cruising
911,0,26,cruising
912,0,218,cruising
913,0,115,cruising
914,0,11,cruising
915,0,170,cruising
916,0,72,cruising
917,0,105,cruising
918,0,2,cruising
919,0,152,cruising
920,0,15,cruising
921,0,160,cruising
922,0,115,cruising
923,0,110,cruising
924,0,84,cruising
925,0,39,cruising
926,0,190,cruising
927,0,138,cruising
928,0,12,cruising
929,0,103,cruising
930,0,7,cruising
931,0,34,cruising
932,0,175,cruising
933,0,44,cruising
934,0,55,cruising
935,0,138,cruising
936,0,4,cruising
937,0,86,cruising
938,0,15,cruising
939,0,105,cruising
940,0,130,cruising
941,0,172,cruising
942,0,8,cruising
943,0,194,cruising
944,0,92,cruising
945,0,117,cruising
946,0,75,cruising
947,0,168,cruising
948,0,79,cruising
949,0,66,cruising
950,0,29,cruising
951,0,13,cruising
952,0,162,cruising
953,0,49,cruising
954,0,216,cruising
955,0,7,cruising
956,0,186,cruising
957,0,109,cruising
958,0,87,cruising
959,0,138,cruising
960,0,56,cruising
961,0,174,cruising
962,0,157,cruising
963,0,214,cruising
964,0,105,cruising
965,0,189,cruising
966,0,182,cruising
967,0,149,cruising
968,0,147,cruising
969,0,179,cruising
970,0,150,cruising
971,0,75,cruising
972,0,132,cruising
973,0,203,cruising
974,0,63,cruising
975,0,29,cruising
976,0,4,cruising
977,0,170,cruising
978,0,212,cruising
979,0,181,cruising
980,0,184,cruising
981,0,31,cruising
982,0,204,cruising
983,0,26,cruising
984,0,216,cruising
985,0,198,cruising
986,0,55,cruising
987,0,108,cruising
988,0,184,cruising
989,0,217,cruising
990,0,38,cruising
991,0,40,cruising
992,0,40,cruising
993,0,20,cruising
994,0,180,cruising
995,0,131,cruising
996,0,21,cruising
997,0,106,cruising
998,0,64,cruising
999,0,142,cruising
1000,0,170,cruising
1001,0,109,cruising
1002,0,187,cruising
1003,0,114,cruising
1004,0,136,cruising
1005,0,109,cruising
1006,0,136,cruising
1007,0,181,cruising
1008,0,173,cruising
1009,0,6,cruising
1010,0,151,cruising
1011,0,104,cruising
1012,0,34,cruising
1013,0,76,cruising
1014,0,81,cruising
1015,0,213,cruising
1016,0,220,cruising
1017,0,129,cruising
1018,0,92,cruising
1019,0,91,cruising
1020,0,215,cruising
1021,0,96,cruising
1022,0,173,cruising
1023,0,186,cruising
1024,0,141,cruising
1025,0,157,cruising
1026,0,176,cruising
1027,0,15,cruising
1028,0,2,cruising
1029,0,135,cruising
1030,0,27,cruising
1031,0,105,cruising
1032,0,37,cruising
1033,0,33,cruising
1034,0,174,cruising
1035,0,21,cruising
1036,0,140,cruising
1037,0,182,cruising
1038,0,141,cruising
1039,0,134,cruising
1040,0,64,cruising
1041,0,153,cruising
1042,0,13,cruising
1043,0,213,cruising
1044,0,156,cruising
1045,0,216,cruising
1046,0,190,cruising
1047,0,67,cruising
1048,0,124,cruising
1049,0,184,cruising
1050,0,107,cruising
1051,0,178,cruising
1052,0,108,cruising
1053,0,120,cruising
1054,0,42,cruising
1055,0,53,cruising
1056,0,173,cruising
1057,0,141,cruising
1058,0,130,cruising
1059,0,55,cruising
1060,0,20,cruising
1061,0,200,cruising
1062,0,29,cruising
1063,0,164,cruising
1064,0,143,cruising
1065,0,43,cruising
1066,0,10,cruising
1067,0,106,cruising
1068,0,94,cruising
1069,0,34,cruising
1070,0,50,cruising
1071,0,97,cruising
1072,0,79,cruising
1073,0,218,cruising
1074,0,36,cruising
1075,0,96,cruising
1076,0,179,cruising
1077,0,180,cruising
1078,0,182,cruising
1079,0,111,cruising
1080,0,154,cruising
1081,0,33,cruising
1082,0,197,cruising
1083,0,163,cruising
1084,0,216,cruising
1085,0,224,cruising
1086,0,36,cruising
1087,0,39,cruising
1088,0,131,cruising
1089,0,162,cruising
1090,0,142,cruising
1091,0,123,cruising
1092,0,105,cruising
1093,0,23,cruising
1094,0,176,cruising
1095,0,86,cruising
1096,0,201,cruising
1097,0,37,cruising
1098,0,116,cruising
1099,0,59,cruising
1100,0,87,cruising
1101,0,116,cruising
1102,0,211,cruising
1103,0,177,cruising
1104,0,191,cruising
1105,0,88,cruising
1106,0,142,cruising
1107,0,149,cruising
1108,0,19,cruising
1109,0,61,cruising
1110,0,224,cruising
1111,0,172,cruising
1112,0,10,cruising
1113,0,194,cruising
1114,0,172,cruising
1115,0,2,cruising
1116,0,184,cruising
1117,0,18,cruising
1118,0,201,cruising
1119,0,59,cruising
1120,0,138,cruising
1121,0,70,cruising
1122,0,60,cruising
1123,0,31,cruising
1124,0,172,cruising
1125,0,46,cruising
1126,0,112,cruising
1127,0,33,cruising
1128,0,128,cruising
1129,0,215,cruising
1130,0,189,cruising
1131,0,18,cruising
1132,0,161,cruising
1133,0,13,cruising
1134,0,182,cruising
1135,0,46,cruising
1136,0,140,cruising
1137,0,214,cruising
1138,0,15,cruising
1139,0,167,cruising
1140,0,108,cruising
1141,0,109,cruising
1142,0,12,cruising
1143,0,149,cruising
1144,0,220,cruising
1145,0,213,cruising
1146,0,74,cruising
1147,0,20,cruising
1148,0,112,cruising
1149,0,218,cruising
1150,0,113,cruising
1151,0,191,cruising
1152,0,97,cruising
1153,0,114,cruising
1154,0,77,cruising
1155,0,205,cruising
1156,0,62,cruising
1157,0,69,cruising
1158,0,150,cruising
1159,0,218,cruising
1160,0,184,cruising
1161,0,25,cruising
1162,0,102,cruising
1163,0,43,cruising
1164,0,195,cruising
1165,0,3,cruising
1166,0,52,cruising
1167,0,190,cruising
1168,0,193,cruising
1169,0,110,cruising
1170,0,195,cruising
1171,0,107,cruising
1172,0,194,cruising
1173,0,9,cruising
1174,0,22,cruising
1175,0,112,cruising
1176,0,10,cruising
1177,0,108,cruising
1178,0,222,cruising
1179,0,8,cruising
1180,0,78,cruising
1181,0,19,cruising
1182,0,110,cruising
1183,0,46,cruising
1184,0,20,cruising
1185,0,116,cruising
1186,0,38,cruising
1187,0,89,cruising
1188,0,31,cruising
1189,0,85,cruising
1190,0,158,cruising
1191,0,159,cruising
1192,0,115,cruising
1193,0,80,cruising
1194,0,170,cruising
1195,0,72,cruising
1196,0,98,cruising
1197,0,46,cruising
1198,0,84,cruising
1199,0,131,cruising
1200,0,76,cruising
1201,0,128,cruising
1202,0,161,cruising
1203,0,29,cruising
1204,0,220,cruising
1205,0,131,cruising
1206,0,172,cruising
1207,0,48,cruising
1208,0,139,cruising
1209,0,185,cruising
1210,0,37,cruising
1211,0,34,cruising
1212,0,32,cruising
1213,0,88,cruising
1214,0,168,cruising
1215,0,138,cruising
1216,0,220,cruising
1217,0,20,cruising
1218,0,212,cruising
1219,0,222,cruising
1220,0,184,cruising
1221,0,121,cruising
1222,0,96,cruising
1223,0,45,cruising
1224,0,109,cruising
1225,0,193,cruising
1226,0,87,cruising
1227,0,168,cruising
1228,0,91,cruising
1229,0,173,cruising
1230,0,29,cruising
1231,0,96,cruising
1232,0,11,cruising
1233,0,170,cruising
1234,0,165,cruising
1235,0,218,cruising
1236,0,60,cruising
1237,0,4,cruising
1238,0,18,cruising
1239,0,200,cruising
1240,0,201,cruising
1241,0,143,cruising
1242,0,180,cruising
1243,0,154,cruising
1244,0,121,cruising
1245,0,14,cruising
1246,0,144,cruising
1247,0,0,cruising
1248,0,71,cruising
1249,0,125,cruising
1250,0,32,cruising
1251,0,112,cruising
1252,0,148,cruising
1253,0,101,cruising
1254,0,216,cruising
1255,0,66,cruising
1256,0,217,cruising
1257,0,63,cruising
1258,0,106,cruising
1259,0,174,cruising
1260,0,50,cruising
1261,0,192,cruising
1262,0,200,cruising
1263,0,167,cruising
1264,0,159,cruising
1265,0,8,cruising
1266,0,12,cruising
1267,0,96,cruising
1268,0,123,cruising
1269,0,74,cruising
1270,0,8,cruising
1271,0,158,cruising
1272,0,130,cruising
1273,0,111,cruising
1274,0,185,cruising
1275,0,216,cruising
1276,0,141,cruising
1277,0,202,cruising
1278,0,167,cruising
1279,0,38,cruising
1280,0,156,cruising
1281,0,164,cruising
1282,0,74,cruising
1283,0,115,cruising
1284,0,39,cruising
1285,0,51,cruising
1286,0,166,cruising
1287,0,93,cruising
1288,0,52,cruising
1289,0,5,cruising
1290,0,76,cruising
1291,0,65,cruising
1292,0,31,cruising
1293,0,108,cruising
1294,0,66,cruising
1295,0,94,cruising
1296,0,65,cruising
1297,0,199,cruising
1298,0,218,cruising
1299,0,215,cruising
1300,0,52,cruising
1301,0,212,cruising
1302,0,187,cruising
1303,0,202,cruising
1304,0,123,cruising
1305,0,138,cruising
1306,0,118,cruising
1307,0,133,cruising
1308,0,82,cruising
1309,0,116,cruising
1310,0,159,cruising
1311,0,58,cruising
1312,0,60,cruising
1313,0,108,cruising
1314,0,37,cruising
1315,0,92,cruising
1316,0,34,cruising
1317,0,208,cruising
1318,0,214,cruising
1319,0,81,cruising
1320,0,49,cruising
1321,0,224,cruising
1322,0,210,cruising
1323,0,60,cruising
1324,0,108,cruising
1325,0,126,cruising
1326,0,115,cruising
1327,0,102,cruising
1328,0,14,cruising
1329,0,166,cruising
1330,0,51,cruising
1331,0,106,cruising
1332,0,37,cruising
1333,0,134,cruising
1334,0,131,cruising
1335,0,121,cruising
1336,0,129,cruising
1337,0,117,cruising
1338,0,73,cruising
1339,0,60,cruising
1340,0,222,cruising
1341,0,212,cruising
1342,0,18,cruising
1343,0,111,cruising
1344,0,198,cruising
1345,0,20,cruising
1346,0,4,cruising
1347,0,164,cruising
1348,0,217,cruising
1349,0,213,cruising
1350,0,192,cruising
1351,0,112,cruising
1352,0,90,cruising
1353,0,203,cruising
1354,0,138,cruising
1355,0,137,cruising
1356,0,196,cruising
1357,0,42,cruising
1358,0,157,cruising
1359,0,63,cruising
1360,0,200,cruising
1361,0,117,cruising
1362,0,197,cruising
1363,0,108,cruising
1364,0,186,cruising
1365,0,16,cruising
1366,0,167,cruising
1367,0,30,cruising
1368,0,73,cruising
1369,0,64,cruising
1370,0,97,cruising
1371,0,123,cruising
1372,0,14,cruising
1373,0,96,cruising
1374,0,9,cruising
1375,0,175,cruising
1376,0,179,cruising
1377,0,200,cruising
1378,0,146,cruising
1379,0,160,cruising
1380,0,157,cruising
1381,0,72,cruising
1382,0,30,cruising
1383,0,12,cruising
1384,0,139,cruising
1385,0,81,cruising
1386,0,19,cruising
1387,0,30,cruising
1388,0,115,cruising
1389,0,129,cruising
1390,0,87,cruising
1391,0,0,cruising
1392,0,5,cruising
1393,0,21,cruising
1394,0,136,cruising
1395,0,120,cruising
1396,0,56,cruising
1397,0,8,cruising
1398,0,51,cruising
1399,0,72,cruising
1400,0,39,cruising
1401,0,127,cruising
1402,0,100,cruising
1403,0,6,cruising
1404,0,15,cruising
1405,0,98,cruising
1406,0,71,cruising
1407,0,113,cruising
1408,0,89,cruising
1409,0,141,cruising
1410,0,165,cruising
1411,0,169,cruising
1412,0,178,cruising
1413,0,188,cruising
1414,0,77,cruising
1415,0,69,cruising
1416,0,213,cruising
1417,0,61,cruising
1418,0,23,cruising
1419,0,119,cruising
1420,0,5,cruising
1421,0,156,cruising
1422,0,146,cruising
1423,0,168,cruising
1424,0,49,cruising
1425,0,85,cruising
1426,0,134,cruising
1427,0,191,cruising
1428,0,220,cruising
1429,0,160,cruising
1430,0,34,cruising
1431,0,194,cruising
1432,0,64,cruising
1433,0,184,cruising
1434,0,177,cruising
1435,0,158,cruising
1436,0,54,cruising
1437,0,21,cruising
1438,0,42,cruising
1439,0,197,cruising
1440,0,81,cruising
1441,0,17,cruising
1442,0,20,cruising
1443,0,209,cruising
1444,0,111,cruising
1445,0,199,cruising
1446,0,208,cruising
1447,0,12,cruising
1448,0,186,cruising
1449,0,42,cruising
1450,0,221,cruising
1451,0,11,cruising
1452,0,80,cruising
1453,0,168,cruising
1454,0,204,cruising
1455,0,224,cruising
1456,0,218,cruising
1457,0,196,cruising
1458,0,125,cruising
1459,0,25,cruising
1460,0,222,cruising
1461,0,186,cruising
1462,0,41,cruising
1463,0,70,cruising
1464,0,97,cruising
1465,0,116,cruising
1466,0,120,cruising
1467,0,98,cruising
1468,0,16,cruising
1469,0,202,cruising
1470,0,142,cruising
1471,0,12,cruising
1472,0,211,cruising
1473,0,27,cruising
1474,0,110,cruising
1475,0,82,cruising
1476,0,45,cruising
1477,0,28,cruising
1478,0,11,cruising
1479,0,18,cruising
1480,0,194,cruising
1481,0,6,cruising
1482,0,11,cruising
1483,0,172,cruising
1484,0,81,cruising
1485,0,128,cruising
1486,0,170,cruising
1487,0,71,cruising
1488,0,157,cruising
1489,0,98,cruising
1490,0,206,cruising
1491,0,103,cruising
1492,0,215,cruising
1493,0,67,cruising
1494,0,168,cruising
1495,0,122,cruising
1496,0,55,cruising
1497,0,132,cruising
1498,0,148,cruising
1499,0,24,cruising
1500,0,171,cruising
1501,0,77,cruising
1502,0,202,cruising
1503,0,155,cruising
1504,0,1,cruising
1505,0,22,cruising
1506,0,168,cruising
1507,0,72,cruising
1508,0,217,cruising
1509,0,184,cruising
1510,0,170,cruising
1511,0,107,cruising
1512,0,111,cruising
1513,0,144,cruising
1514,0,131,cruising
1515,0,138,cruising
1516,0,164,cruising
1517,0,105,cruising
1518,0,134,cruising
1519,0,100,cruising
1520,0,52,cruising
1521,0,217,cruising
1522,0,210,cruising
1523,0,87,cruising
1524,0,101,cruising
1525,0,153,cruising
1526,0,188,cruising
1527,0,117,cruising
1528,0,204,cruising
1529,0,105,cruising
1530,0,24,cruising
1531,0,28,cruising
1532,0,209,cruising
1533,0,196,cruising
1534,0,179,cruising
1535,0,41,cruising
1536,0,140,cruising
1537,0,166,cruising
1538,0,191,cruising
1539,0,199,cruising
1540,0,115,cruising
1541,0,184,cruising
1542,0,1,cruising
1543,0,164,cruising
1544,0,159,cruising
1545,0,10,cruising
1546,0,151,cruising
1547,0,171,cruising
1548,0,67,cruising
1549,0,213,cruising
1550,0,15,cruising
1551,0,95,cruising
1552,0,172,cruising
1553,0,160,cruising
1554,0,192,cruising
1555,0,12,cruising
1556,0,160,cruising
1557,0,224,cruising
1558,0,197,cruising
1559,0,175,cruising
1560,0,170,cruising
1561,0,110,cruising
1562,0,18,cruising
1563,0,159,cruising
1564,0,109,cruising
1565,0,193,cruising
1566,0,162,cruising
1567,0,40,cruising
1568,0,42,cruising
1569,0,132,cruising
1570,0,167,cruising
1571,0,13,cruising
1572,0,155,cruising
1573,0,132,cruising
1574,0,81,cruising
1575,0,196,cruising
1576,0,88,cruising
1577,0,170,cruising
1578,0,190,cruising
1579,0,132,cruising
1580,0,174,cruising
1581,0,12,cruising
1582,0,131,cruising
1583,0,88,cruising
1584,0,15,cruising
1585,0,103,cruising
1586,0,78,cruising
1587,0,50,cruising
1588,0,2,cruising
1589,0,31,cruising
1590,0,5,cruising
1591,0,69,cruising
1592,0,26,cruising
1593,0,19,cruising
1594,0,150,cruising
1595,0,95,cruising
1596,0,204,cruising
1597,0,184,cruising
1598,0,20,cruising
1599,0,194,cruising
1600,0,201,cruising
1601,0,37,cruising
1602,0,27,cruising
1603,0,189,cruising
1604,0,171,cruising
1605,0,171,cruising
1606,0,63,cruising
1607,0,141,cruising
1608,0,59,cruising
1609,0,208,cruising
1610,0,80,cruising
1611,0,116,cruising
1612,0,87,cruising
1613,0,101,cruising
1614,0,177,cruising
1615,0,214,cruising
1616,0,145,cruising
1617,0,96,cruising
1618,0,98,cruising
1619,0,89,cruising
1620,0,194,cruising
1621,0,36,cruising
1622,0,60,cruising
1623,0,82,cruising
1624,0,159,cruising
1625,0,118,cruising
1626,0,106,cruising
1627,0,99,cruising
1628,0,83,cruising
1629,0,99,cruising
1630,0,118,cruising
1631,0,38,cruising
1632,0,184,cruising
1633,0,164,cruising
1634,0,41,cruising
1635,0,211,cruising
1636,0,42,cruising
1637,0,163,cruising
1638,0,197,cruising
1639,0,49,cruising
1640,0,55,cruising
1641,0,12,cruising
1642,0,150,cruising
1643,0,63,cruising
1644,0,180,cruising
1645,0,143,cruising
1646,0,30,cruising
1647,0,171,cruising
1648,0,144,cruising
1649,0,140,cruising
1650,0,60,cruising
1651,0,25,cruising
1652,0,49,cruising
1653,0,158,cruising
1654,0,181,cruising
1655,0,37,cruising
1656,0,99,cruising
1657,0,73,cruising
1658,0,200,cruising
1659,0,136,cruising
1660,0,57,cruising
1661,0,65,cruising
1662,0,157,cruising
1663,0,29,cruising
1664,0,217,cruising
1665,0,219,cruising
1666,0,119,cruising
1667,0,145,cruising
1668,0,198,cruising
1669,0,201,cruising
1670,0,18,cruising
1671,0,113,cruising
1672,0,158,cruising
1673,0,129,cruising
1674,0,196,cruising
1675,0,92,cruising
1676,0,118,cruising
1677,0,153,cruising
1678,0,112,cruising
1679,0,219,cruising
1680,0,59,cruising
1681,0,200,cruising
1682,0,49,cruising
1683,0,79,cruising
1684,0,29,cruising
1685,0,32,cruising
1686,0,196,cruising
1687,0,136,cruising
1688,0,76,cruising
1689,0,24,cruising
1690,0,86,cruising
1691,0,129,cruising
1692,0,140,cruising
1693,0,160,cruising
1694,0,134,cruising
1695,0,57,cruising
1696,0,46,cruising
1697,0,14,cruising
1698,0,61,cruising
1699,0,115,cruising
1700,0,213,cruising
1701,0,106,cruising
1702,0,115,cruising
1703,0,196,cruising
1704,0,160,cruising
1705,0,206,cruising
1706,0,146,cruising
1707,0,88,cruising
1708,0,222,cruising
1709,0,194,cruising
1710,0,154,cruising
1711,0,169,cruising
1712,0,111,cruising
1713,0,137,cruising
1714,0,72,cruising
1715,0,217,cruising
1716,0,34,cruising
1717,0,197,cruising
1718,0,44,cruising
1719,0,90,cruising
1720,0,13,cruising
1721,0,204,cruising
1722,0,5,cruising
1723,0,3,cruising
1724,0,34,cruising
1725,0,61,cruising
1726,0,203,cruising
1727,0,142,cruising
1728,0,193,cruising
1729,0,198,cruising
1730,0,152,cruising
1731,0,27,cruising
1732,0,75,cruising
1733,0,38,cruising
1734,0,181,cruising
1735,0,22,cruising
1736,0,115,cruising
1737,0,145,cruising
1738,0,25,cruising
1739,0,196,cruising
1740,0,1,cruising
1741,0,218,cruising
1742,0,170,cruising
1743,0,1,cruising
1744,0,15,cruising
1745,0,33,cruising
1746,0,143,cruising
1747,0,119,cruising
1748,0,108,cruising
1749,0,86,cruising
1750,0,183,cruising
1751,0,156,cruising
1752,0,66,cruising
1753,0,117,cruising
1754,0,213,cruising
1755,0,42,cruising
1756,0,170,cruising
1757,0,65,cruising
1758,0,169,cruising
1759,0,27,cruising
1760,0,22,cruising
1761,0,70,cruising
1762,0,165,cruising
1763,0,192,cruising
1764,0,156,cruising
1765,0,152,cruising
1766,0,178,cruising
1767,0,120,cruising
1768,0,42,cruising
1769,0,48,cruising
1770,0,193,cruising
1771,0,51,cruising
1772,0,32,cruising
1773,0,114,cruising
1774,0,156,cruising
1775,0,98,cruising
1776,0,214,cruising
1777,0,218,cruising
1778,0,109,cruising
1779,0,56,cruising
1780,0,99,cruising
1781,0,68,cruising
1782,0,58,cruising
1783,0,104,cruising
1784,0,165,cruising
1785,0,81,cruising
1786,0,182,cruising
1787,0,55,cruising
1788,0,194,cruising
1789,0,98,cruising
1790,0,197,cruising
1791,0,190,cruising
1792,0,35,cruising
1793,0,64,cruising
1794,0,78,cruising
1795,0,8,cruising
1796,0,210,cruising
1797,0,209,cruising
1798,0,20,cruising
1799,0,23,cruising
1800,0,17,cruising
1801,0,210,cruising
1802,0,171,cruising
1803,0,216,cruising
1804,0,11,cruising
1805,0,208,cruising
1806,0,137,cruising
1807,0,195,cruising
1808,0,153,cruising
1809,0,47,cruising
1810,0,192,cruising
1811,0,99,cruising
1812,0,216,cruising
1813,0,218,cruising
1814,0,70,cruising
1815,0,115,cruising
1816,0,96,cruising
1817,0,98,cruising
1818,0,82,cruising
1819,0,97,cruising
1820,0,163,cruising
1821,0,164,cruising
1822,0,111,cruising
1823,0,211,cruising
1824,0,53,cruising
1825,0,172,cruising
1826,0,117,cruising
1827,0,170,cruising
1828,0,135,cruising
1829,0,51,cruising
1830,0,92,cruising
1831,0,219,cruising
1832,0,28,cruising
1833,0,49,cruising
1834,0,174,cruising
1835,0,140,cruising
1836,0,183,cruising
1837,0,49,cruising
1838,0,22,cruising
1839,0,180,cruising
1840,0,13,cruising
1841,0,160,cruising
1842,0,15,cruising
1843,0,223,cruising
1844,0,58,cruising
1845,0,13,cruising
1846,0,202,cruising
1847,0,103,cruising
1848,0,173,cruising
1849,0,124,cruising
1850,0,72,cruising
1851,0,14,cruising
1852,0,217,cruising
1853,0,118,cruising
1854,0,224,cruising
1855,0,14,cruising
1856,0,18,cruising
1857,0,58,cruising
1858,0,220,cruising
1859,0,56,cruising
1860,0,84,cruising
1861,0,126,cruising
1862,0,106,cruising
1863,0,115,cruising
1864,0,154,cruising
1865,0,175,cruising
1866,0,171,cruising
1867,0,114,cruising
1868,0,20,cruising
1869,0,45,cruising
1870,0,57,cruising
1871,0,29,cruising
1872,0,94,cruising
1873,0,9,cruising
1874,0,24,cruising
1875,0,76,cruising
1876,0,115,cruising
1877,0,1,cruising
1878,0,3,cruising
1879,0,201,cruising
1880,0,42,cruising
1881,0,28,cruising
1882,0,185,cruising
1883,0,123,cruising
1884,0,49,cruising
1885,0,205,cruising
1886,0,203,cruising
1887,0,201,cruising
1888,0,196,cruising
1889,0,220,cruising
1890,0,135,cruising
1891,0,117,cruising
1892,0,35,cruising
1893,0,166,cruising
1894,0,52,cruising
1895,0,109,cruising
1896,0,14,cruising
1897,0,84,cruising
1898,0,63,cruising
1899,0,132,cruising
1900,0,62,cruising
1901,0,40,cruising
1902,0,123,cruising
1903,0,166,cruising
1904,0,85,cruising
1905,0,110,cruising
1906,0,188,cruising
1907,0,13,cruising
1908,0,45,cruising
1909,0,91,cruising
1910,0,196,cruising
1911,0,143,cruising
1912,0,40,cruising
1913,0,64,cruising
1914,0,25,cruising
1915,0,154,cruising
1916,0,135,cruising
1917,0,146,cruising
1918,0,138,cruising
1919,0,12,cruising
1920,0,25,cruising
1921,0,79,cruising
1922,0,62,cruising
1923,0,39,cruising
1924,0,70,cruising
1925,0,197,cruising
1926,0,158,cruising
1927,0,48,cruising
1928,0,56,cruising
1929,0,186,cruising
1930,0,146,cruising
1931,0,71,cruising
1932,0,209,cruising
1933,0,66,cruising
1934,0,213,cruising
1935,0,169,cruising
1936,0,117,cruising
1937,0,146,cruising
1938,0,79,cruising
1939,0,100,cruising
1940,0,122,cruising
1941,0,169,cruising
1942,0,3,cruising
1943,0,83,cruising
1944,0,83,cruising
1945,0,122,cruising
1946,0,124,cruising
1947,0,34,cruising
1948,0,162,cruising
1949,0,149,cruising
1950,0,19,cruising
1951,0,207,cruising
1952,0,40,cruising
1953,0,181,cruising
1954,0,112,cruising
1955,0,181,cruising
1956,0,223,cruising
1957,0,128,cruising
1958,0,91,cruising
1959,0,167,cruising
1960,0,25,cruising
1961,0,139,cruising
1962,0,91,cruising
1963,0,132,cruising
1964,0,201,cruising
1965,0,4,cruising
1966,0,123,cruising
1967,0,20,cruising
1968,0,58,cruising
1969,0,122,cruising
1970,0,134,cruising
1971,0,120,cruising
1972,0,38,cruising
1973,0,100,cruising
1974,0,141,cruising
1975,0,70,cruising
1976,0,173,cruising
1977,0,103,cruising
1978,0,202,cruising
1979,0,189,cruising
1980,0,126,cruising
1981,0,153,cruising
1982,0,223,cruising
1983,0,71,cruising
1984,0,114,cruising
1985,0,114,cruising
1986,0,76,cruising
1987,0,206,cruising
1988,0,46,cruising
1989,0,119,cruising
1990,0,103,cruising
1991,0,23,cruising
1992,0,218,cruising
1993,0,88,cruising
1994,0,60,cruising
1995,0,9,cruising
1996,0,65,cruising
1997,0,179,cruising
1998,0,74,cruising
1999,0,186,cruising
2000,0,36,cruising
2001,0,165,cruising
2002,0,217,cruising
2003,0,29,cruising
2004,0,41,cruising
2005,0,23,cruising
2006,0,158,cruising
2007,0,97,cruising
2008,0,6,cruising
2009,0,81,cruising
2010,0,135,cruising
2011,0,22,cruising
2012,0,0,cruising
2013,0,101,cruising
2014,0,28,cruising
2015,0,73,cruising
2016,0,209,cruising
2017,0,17,cruising
2018,0,44,cruising
2019,0,0,cruising
2020,0,143,cruising
2021,0,219,cruising
2022,0,96,cruising
2023,0,102,cruising
2024,0,50,cruising
2025,0,2,cruising
2026,0,137,cruising
2027,0,81,cruising
2028,0,194,cruising
2029,0,166,cruising
2030,0,209,cruising
2031,0,221,cruising
2032,0,61,cruising
2033,0,202,cruising
2034,0,35,cruising
2035,0,186,cruising
2036,0,216,cruising
2037,0,204,cruising
2038,0,7,cruising
2039,0,155,cruising
2040,0,194,cruising
2041,0,179,cruising
2042,0,116,cruising
2043,0,204,cruising
2044,0,138,cruising
2045,0,2,cruising
2046,0,70,cruising
2047,0,187,cruising
2048,0,40,cruising
2049,0,4,cruising
2050,0,131,cruising
2051,0,10,cruising
2052,0,70,cruising
2053,0,174,cruising
2054,0,52,cruising
2055,0,164,cruising
2056,0,43,cruising
2057,0,96,cruising
2058,0,22,cruising
2059,0,100,cruising
2060,0,155,cruising
2061,0,118,cruising
2062,0,96,cruising
2063,0,4,cruising
2064,0,44,cruising
2065,0,125,cruising
2066,0,59,cruising
2067,0,216,cruising
2068,0,186,cruising
2069,0,17,cruising
2070,0,56,cruising
2071,0,64,cruising
2072,0,140,cruising
2073,0,103,cruising
2074,0,141,cruising
2075,0,224,cruising
2076,0,35,cruising
2077,0,47,cruising
2078,0,209,cruising
2079,0,115,cruising
2080,0,168,cruising
2081,0,223,cruising
2082,0,114,cruising
2083,0,9,cruising
2084,0,5,cruising
2085,0,127,cruising
2086,0,133,cruising
2087,0,79,cruising
2088,0,59,cruising
2089,0,99,cruising
2090,0,188,cruising
2091,0,192,cruising
2092,0,34,cruising
2093,0,222,cruising
2094,0,171,cruising
2095,0,48,cruising
2096,0,62,cruising
2097,0,158,cruising
2098,0,167,cruising
2099,0,178,cruising
2100,0,4,cruising
2101,0,24,cruising
2102,0,46,cruising
2103,0,160,cruising
2104,0,32,cruising
2105,0,58,cruising
2106,0,122,cruising
2107,0,172,cruising
2108,0,14,cruising
2109,0,121,cruising
2110,0,28,cruising
2111,0,54,cruising
2112,0,170,cruising
2113,0,200,cruising
2114,0,178,cruising
2115,0,150,cruising
2116,0,175,cruising
2117,0,80,cruising
2118,0,96,cruising
2119,0,158,cruising
2120,0,83,cruising
2121,0,5,cruising
2122,0,112,cruising
2123,0,3,cruising
2124,0,61,cruising
2125,0,69,cruising
2126,0,80,cruising
2127,0,34,cruising
2128,0,76,cruising
2129,0,100,cruising
2130,0,133,cruising
2131,0,143,cruising
2132,0,72,cruising
2133,0,173,cruising
2134,0,153,cruising
2135,0,132,cruising
2136,0,19,cruising
2137,0,36,cruising
2138,0,199,cruising
2139,0,92,cruising
2140,0,192,cruising
2141,0,97,cruising
2142,0,83,cruising
2143,0,0,cruising
2144,0,140,cruising
2145,0,163,cruising
2146,0,24,cruising
2147,0,131,cruising
2148,0,77,cruising
2149,0,123,cruising
2150,0,13,cruising
2151,0,210,cruising
2152,0,179,cruising
2153,0,137,cruising
2154,0,8,cruising
2155,0,113,cruising
2156,0,132,cruising
2157,0,9,cruising
2158,0,184,cruising
2159,0,139,cruising
2160,0,100,cruising
2161,0,163,cruising
2162,0,197,cruising
2163,0,197,cruising
2164,0,48,cruising
2165,0,164,cruising
2166,0,215,cruising
2167,0,26,cruising
2168,0,84,cruising
2169,0,143,cruising
2170,0,71,cruising
2171,0,117,cruising
2172,0,183,cruising
2173,0,10,cruising
2174,0,0,cruising
2175,0,161,cruising
2176,0,72,cruising
2177,0,82,cruising
2178,0,221,cruising
2179,0,62,cruising
2180,0,202,cruising
2181,0,46,cruising
2182,0,153,cruising
2183,0,86,cruising
2184,0,144,cruising
2185,0,87,cruising
2186,0,129,cruising
2187,0,38,cruising
2188,0,129,cruising
2189,0,221,cruising
2190,0,123,cruising
2191,0,212,cruising
2192,0,195,cruising
2193,0,175,cruising
2194,0,83,cruising
2195,0,115,cruising
2196,0,47,cruising
2197,0,182,cruising
2198,0,93,cruising
2199,0,168,cruising
